<?xml version="1.0" encoding="utf-8" ?>
<mMassReferenceMasses version="1.0">

  <group name="DHB Clusters - MALDI Pos Mo">
    <reference name="DHB [M+H-H2O]+" mass="137.023320" />
    <reference name="DHB [M+H]+" mass="155.033885" />
    <reference name="DHB [M+Na-H2O]+" mass="159.005265" />
    <reference name="DHB [M+Na]+" mass="177.015830" />
    <reference name="DHB [M+K-H2O]+" mass="174.979202" />
    <reference name="DHB [M+K]+" mass="192.989767" />
    <reference name="DHB [2M+H-2H2O]+" mass="273.039364" />
    <reference name="DHB [2M+H-H2O]+" mass="291.049929" />
    <reference name="DHB [2M+H]+" mass="309.060494" />
    <reference name="DHB [2M+Na-2H2O]+" mass="295.021309" />
    <reference name="DHB [2M+Na-H2O]+" mass="313.031874" />
    <reference name="DHB [2M+Na]+" mass="331.042439" />
    <reference name="DHB [2M+K-H2O]+" mass="329.005811" />
    <reference name="DHB [2M+K]+" mass="347.016376" />
    <reference name="DHB [2M+K+Na-H2O]+" mass="351.995032" />
    <reference name="DHB [3M+H-3H2O]+" mass="409.055408" />
    <reference name="DHB [3M+H-H2O]+" mass="445.076538" />
    <reference name="DHB [3M+H]+" mass="463.087103" />
    <reference name="DHB [3M+Na-3H2O]+" mass="431.037353" />
    <reference name="DHB [3M+Na-H2O]+" mass="467.058483" />
    <reference name="DHB [3M+Na]+" mass="485.069048" />
    <reference name="DHB [3M+K-H2O]+" mass="483.032420" />
    <reference name="DHB [3M+K]+" mass="501.042985" />
    <reference name="DHB [3M+K+Na-H2O]+" mass="506.021641" />
    <reference name="DHB [4M+H-4H2O]+" mass="545.071452" />
    <reference name="DHB [4M+H-H2O]+" mass="599.103147" />
    <reference name="DHB [4M+H]+" mass="617.113712" />
    <reference name="DHB [4M+Na-4H2O]+" mass="567.053397" />
    <reference name="DHB [4M+Na-H2O]+" mass="621.085092" />
    <reference name="DHB [4M+Na]+" mass="639.095657" />
    <reference name="DHB [4M+K-H2O]+" mass="637.059029" />
    <reference name="DHB [4M+K]+" mass="655.069594" />
    <reference name="DHB [4M+K+Na-H2O]+" mass="660.048250" />
    <reference name="DHB [5M+H-5H2O]+" mass="681.087496" />
    <reference name="DHB [5M+H-H2O]+" mass="753.129756" />
    <reference name="DHB [5M+H]+" mass="771.140321" />
    <reference name="DHB [5M+Na-H2O]+" mass="775.111701" />
    <reference name="DHB [5M+Na]+" mass="793.122266" />
    <reference name="DHB [5M+K-H2O]+" mass="791.085638" />
    <reference name="DHB [5M+K]+" mass="809.096203" />
    <reference name="DHB [5M+K+Na-H2O]+" mass="814.074859" />
    <reference name="DHB [6M+H-6H2O]+" mass="817.103540" />
    <reference name="DHB [6M+H-H2O]+" mass="907.156365" />
    <reference name="DHB [6M+H]+" mass="925.166930" />
    <reference name="DHB [6M+Na-H2O]+" mass="929.138310" />
    <reference name="DHB [6M+Na]+" mass="947.148875" />
    <reference name="DHB [6M+K-H2O]+" mass="945.112247" />
    <reference name="DHB [6M+K]+" mass="963.122812" />
    <reference name="DHB [6M+K+Na-H2O]+" mass="968.101468" />
    <reference name="DHB [7M+H-7H2O]+" mass="953.119584" />
    <reference name="DHB [7M+H-H2O]+" mass="1061.182974" />
    <reference name="DHB [7M+H]+" mass="1079.193539" />
    <reference name="DHB [7M+Na-H2O]+" mass="1083.164919" />
    <reference name="DHB [7M+Na]+" mass="1101.175484" />
    <reference name="DHB [7M+K-H2O]+" mass="1099.138856" />
    <reference name="DHB [7M+K]+" mass="1117.149421" />
    <reference name="DHB [7M+K+Na-H2O]+" mass="1122.128077" />
  </group>

  <group name="HCCA Clusters - MALDI Pos Mo">
    <reference name="HCCA [M+H-H2O]+" mass="172.039304" />
    <reference name="HCCA [M+H]+" mass="190.049869" />
    <reference name="HCCA [M+Na-H2O]+" mass="194.021249" />
    <reference name="HCCA [M+Na]+" mass="212.031814" />
    <reference name="HCCA [M+K-H2O]+" mass="209.995186" />
    <reference name="HCCA [M+K]+" mass="228.005751" />
    <reference name="HCCA [2M+H-H2O]+" mass="361.081897" />
    <reference name="HCCA [2M+H]+" mass="379.092462" />
    <reference name="HCCA [2M+Na-H2O]+" mass="383.063842" />
    <reference name="HCCA [2M+Na]+" mass="401.074407" />
    <reference name="HCCA [2M+K-H2O]+" mass="399.037779" />
    <reference name="HCCA [2M+K]+" mass="417.048344" />
    <reference name="HCCA [2M+K+Na-H2O]+" mass="422.027000" />
    <reference name="HCCA [3M+H-H2O]+" mass="550.124490" />
    <reference name="HCCA [3M+H]+" mass="568.135055" />
    <reference name="HCCA [3M+Na-H2O]+" mass="572.106435" />
    <reference name="HCCA [3M+Na]+" mass="590.117000" />
    <reference name="HCCA [3M+K-H2O]+" mass="588.080372" />
    <reference name="HCCA [3M+K]+" mass="606.090937" />
    <reference name="HCCA [3M+K+Na-H2O]+" mass="611.069593" />
    <reference name="HCCA [4M+H-H2O]+" mass="739.167083" />
    <reference name="HCCA [4M+H]+" mass="757.177648" />
    <reference name="HCCA [4M+Na-H2O]+" mass="761.149028" />
    <reference name="HCCA [4M+Na]+" mass="779.159593" />
    <reference name="HCCA [4M+K-H2O]+" mass="777.122965" />
    <reference name="HCCA [4M+K]+" mass="795.133530" />
    <reference name="HCCA [4M+K+Na-H2O]+" mass="800.112186" />
    <reference name="HCCA [5M+H-H2O]+" mass="928.209676" />
    <reference name="HCCA [5M+H]+" mass="946.220241" />
    <reference name="HCCA [5M+Na-H2O]+" mass="950.191621" />
    <reference name="HCCA [5M+Na]+" mass="968.202186" />
    <reference name="HCCA [5M+K-H2O]+" mass="966.165558" />
    <reference name="HCCA [5M+K]+" mass="984.176123" />
    <reference name="HCCA [5M+K+Na-H2O]+" mass="989.154779" />
    <reference name="HCCA [6M+H-H2O]+" mass="1117.252269" />
    <reference name="HCCA [6M+H]+" mass="1135.262834" />
    <reference name="HCCA [6M+Na-H2O]+" mass="1139.234214" />
    <reference name="HCCA [6M+Na]+" mass="1157.244779" />
    <reference name="HCCA [6M+K-H2O]+" mass="1155.208151" />
    <reference name="HCCA [6M+K]+" mass="1173.218716" />
    <reference name="HCCA [6M+K+Na-H2O]+" mass="1178.197372" />
    <reference name="HCCA [7M+H-H2O]+" mass="1306.294862" />
    <reference name="HCCA [7M+H]+" mass="1324.305427" />
    <reference name="HCCA [7M+Na-H2O]+" mass="1328.276807" />
    <reference name="HCCA [7M+Na]+" mass="1346.287372" />
    <reference name="HCCA [7M+K-H2O]+" mass="1344.250744" />
    <reference name="HCCA [7M+K]+" mass="1362.261309" />
    <reference name="HCCA [7M+K+Na-H2O]+" mass="1367.239965" />
  </group>

  <group name="Trypsin (Porcine) - MALDI Pos Mo">
    <reference name="Trypsin (108-115) [M+H]+" mass="842.509400" />
    <reference name="Trypsin (209-216) [M+H]+" mass="906.504400" />
    <reference name="Trypsin (1-8) [M+H]+" mass="952.389400" />
    <reference name="Trypsin (148-157) [M+H]+" mass="1006.487400" />
    <reference name="Trypsin (98-107) [M+H]+" mass="1045.563700" />
    <reference name="Trypsin (134-147) [M+H]+" mass="1469.730500" />
    <reference name="Trypsin (58-72) [M+H]+" mass="1713.808400" />
    <reference name="Trypsin (217-231) [M+H]+" mass="1736.842500" />
    <reference name="Trypsin (116-133) [M+H]+" mass="1768.799300" />
    <reference name="Trypsin (62-77) [M+H]+" mass="1774.897500" />
    <reference name="Trypsin (58-76) [M+H]+" mass="2083.009600" />
    <reference name="Trypsin (158-178) [M+H]+" mass="2158.030700" />
    <reference name="Trypsin (58-77) [M+H]+" mass="2211.104000" />
    <reference name="Trypsin (78-97) [M+H]+" mass="2283.180200" />
    <reference name="Trypsin (179-208) [M+H]+" mass="3013.323700" />
  </group>

  <group name="In-Gel (Trypsin) - MALDI Pos Mo">
    <reference name="Keratin 10 [M+H]+" mass="1165.585300" />
    <reference name="Keratin 1/II [M+H]+" mass="1179.601000" />
    <reference name="Keratin 1/II [M+H]+" mass="1300.530200" />
    <reference name="Keratin 1/II [M+H]+" mass="1716.851700" />
    <reference name="Keratin 1/II [M+H]+" mass="1993.976700" />
    <reference name="Keratin 1 [M+H]+" mass="2383.952000" />
    <reference name="Keratin 10 [M+H]+" mass="2825.405600" />
    <reference name="Trypsin (108-115) [M+H]+" mass="842.509400" />
    <reference name="Trypsin (209-216) [M+H]+" mass="906.504400" />
    <reference name="Trypsin (1-8) [M+H]+" mass="952.389400" />
    <reference name="Trypsin (148-157) [M+H]+" mass="1006.487400" />
    <reference name="Trypsin (98-107) [M+H]+" mass="1045.563700" />
    <reference name="Trypsin (134-147) [M+H]+" mass="1469.730500" />
    <reference name="Trypsin (58-72) [M+H]+" mass="1713.808400" />
    <reference name="Trypsin (217-231) [M+H]+" mass="1736.842500" />
    <reference name="Trypsin (116-133) [M+H]+" mass="1768.799300" />
    <reference name="Trypsin (62-77) [M+H]+" mass="1774.897500" />
    <reference name="Trypsin (58-76) [M+H]+" mass="2083.009600" />
    <reference name="Trypsin (158-178) [M+H]+" mass="2158.030700" />
    <reference name="Trypsin (58-77) [M+H]+" mass="2211.104000" />
    <reference name="Trypsin (78-97) [M+H]+" mass="2283.180200" />
    <reference name="Trypsin (179-208) [M+H]+" mass="3013.323700" />
  </group>

</mMassReferenceMasses>