<?xml version="1.0" encoding="utf-8" ?>
<mspyAminoacids version="1.0">
  <aminoacid symbol="A" name="Alanine" abbr="Ala" formula="C3H5NO" />
  <aminoacid symbol="C" name="Cysteine" abbr="Cys" formula="C3H5NOS" />
  <aminoacid symbol="D" name="Aspartic Acid" abbr="Asp" formula="C4H5NO3" />
  <aminoacid symbol="E" name="Glutamic Acid" abbr="Glu" formula="C5H7NO3" />
  <aminoacid symbol="F" name="Phenylalanine" abbr="Phe" formula="C9H9NO" />
  <aminoacid symbol="G" name="Glycine" abbr="Gly" formula="C2H3NO" />
  <aminoacid symbol="H" name="Histidine" abbr="His" formula="C6H7N3O" />
  <aminoacid symbol="I" name="Isoleucine" abbr="Ile" formula="C6H11NO" />
  <aminoacid symbol="K" name="Lysine" abbr="Lys" formula="C6H12N2O" />
  <aminoacid symbol="L" name="Leucine" abbr="Leu" formula="C6H11NO" />
  <aminoacid symbol="M" name="Methionine" abbr="Met" formula="C5H9NSO" />
  <aminoacid symbol="N" name="Asparagine" abbr="Asn" formula="C4H6O2N2" />
  <aminoacid symbol="O" name="Ornithine" abbr="Ort" formula="C5H10N2O" />
  <aminoacid symbol="P" name="Proline" abbr="Pro" formula="C5H7NO" />
  <aminoacid symbol="Q" name="Glutamine" abbr="Gln" formula="C5H8N2O2" />
  <aminoacid symbol="R" name="Arginine" abbr="Arg" formula="C6H12N4O" />
  <aminoacid symbol="S" name="Serine" abbr="Ser" formula="C3H5NO2" />
  <aminoacid symbol="T" name="Threonine" abbr="Thr" formula="C4H7NO2" />
  <aminoacid symbol="V" name="Valine" abbr="Val" formula="C5H9NO" />
  <aminoacid symbol="W" name="Tryptophan" abbr="Trp" formula="C11H10N2O" />
  <aminoacid symbol="Y" name="Tyrosine" abbr="Tyr" formula="C9H9NO2" />
</mspyAminoacids>