<?xml version="1.0" encoding="utf-8" ?>
<mMassReferenceMasses version="1.0">

  <group name="Contaminants - Trypsin In-Gel - MALDI Pos Mo">
    <reference name="Keratin 10 [M+H]+" mass="1165.585300" />
    <reference name="Keratin 1/II [M+H]+" mass="1179.601000" />
    <reference name="Keratin 1/II [M+H]+" mass="1300.530200" />
    <reference name="Keratin 1/II [M+H]+" mass="1716.851700" />
    <reference name="Keratin 1/II [M+H]+" mass="1993.976700" />
    <reference name="Keratin 1 [M+H]+" mass="2383.952000" />
    <reference name="Keratin 10 [M+H]+" mass="2825.405600" />
    <reference name="Trypsin (108-115) [M+H]+" mass="842.509400" />
    <reference name="Trypsin (209-216) [M+H]+" mass="906.504400" />
    <reference name="Trypsin (1-8) [M+H]+" mass="952.389400" />
    <reference name="Trypsin (148-157) [M+H]+" mass="1006.487400" />
    <reference name="Trypsin (98-107) [M+H]+" mass="1045.563700" />
    <reference name="Trypsin (134-147) [M+H]+" mass="1469.730500" />
    <reference name="Trypsin (58-72) [M+H]+" mass="1713.808400" />
    <reference name="Trypsin (217-231) [M+H]+" mass="1736.842500" />
    <reference name="Trypsin (116-133) [M+H]+" mass="1768.799300" />
    <reference name="Trypsin (62-77) [M+H]+" mass="1774.897500" />
    <reference name="Trypsin (58-76) [M+H]+" mass="2083.009600" />
    <reference name="Trypsin (158-178) [M+H]+" mass="2158.030700" />
    <reference name="Trypsin (58-77) [M+H]+" mass="2211.104000" />
    <reference name="Trypsin (78-97) [M+H]+" mass="2283.180200" />
    <reference name="Trypsin (179-208) [M+H]+" mass="3013.323700" />
  </group>

  <group name="DHB Clusters - MALDI Pos Mo">
    <reference name="DHB [M+H-H2O]+" mass="137.023320" />
    <reference name="DHB [M+H]+" mass="155.033885" />
    <reference name="DHB [M+Na-H2O]+" mass="159.005265" />
    <reference name="DHB [M+Na]+" mass="177.015830" />
    <reference name="DHB [M+K-H2O]+" mass="174.979202" />
    <reference name="DHB [M+K]+" mass="192.989767" />
    <reference name="DHB [2M+H-2H2O]+" mass="273.039364" />
    <reference name="DHB [2M+H-H2O]+" mass="291.049929" />
    <reference name="DHB [2M+H]+" mass="309.060494" />
    <reference name="DHB [2M+Na-2H2O]+" mass="295.021309" />
    <reference name="DHB [2M+Na-H2O]+" mass="313.031874" />
    <reference name="DHB [2M+Na]+" mass="331.042439" />
    <reference name="DHB [2M+K-H2O]+" mass="329.005811" />
    <reference name="DHB [2M+K]+" mass="347.016376" />
    <reference name="DHB [2M+K+Na-H2O]+" mass="351.995032" />
    <reference name="DHB [3M+H-3H2O]+" mass="409.055408" />
    <reference name="DHB [3M+H-H2O]+" mass="445.076538" />
    <reference name="DHB [3M+H]+" mass="463.087103" />
    <reference name="DHB [3M+Na-3H2O]+" mass="431.037353" />
    <reference name="DHB [3M+Na-H2O]+" mass="467.058483" />
    <reference name="DHB [3M+Na]+" mass="485.069048" />
    <reference name="DHB [3M+K-H2O]+" mass="483.032420" />
    <reference name="DHB [3M+K]+" mass="501.042985" />
    <reference name="DHB [3M+K+Na-H2O]+" mass="506.021641" />
    <reference name="DHB [4M+H-4H2O]+" mass="545.071452" />
    <reference name="DHB [4M+H-H2O]+" mass="599.103147" />
    <reference name="DHB [4M+H]+" mass="617.113712" />
    <reference name="DHB [4M+Na-4H2O]+" mass="567.053397" />
    <reference name="DHB [4M+Na-H2O]+" mass="621.085092" />
    <reference name="DHB [4M+Na]+" mass="639.095657" />
    <reference name="DHB [4M+K-H2O]+" mass="637.059029" />
    <reference name="DHB [4M+K]+" mass="655.069594" />
    <reference name="DHB [4M+K+Na-H2O]+" mass="660.048250" />
    <reference name="DHB [5M+H-5H2O]+" mass="681.087496" />
    <reference name="DHB [5M+H-H2O]+" mass="753.129756" />
    <reference name="DHB [5M+H]+" mass="771.140321" />
    <reference name="DHB [5M+Na-H2O]+" mass="775.111701" />
    <reference name="DHB [5M+Na]+" mass="793.122266" />
    <reference name="DHB [5M+K-H2O]+" mass="791.085638" />
    <reference name="DHB [5M+K]+" mass="809.096203" />
    <reference name="DHB [5M+K+Na-H2O]+" mass="814.074859" />
    <reference name="DHB [6M+H-6H2O]+" mass="817.103540" />
    <reference name="DHB [6M+H-H2O]+" mass="907.156365" />
    <reference name="DHB [6M+H]+" mass="925.166930" />
    <reference name="DHB [6M+Na-H2O]+" mass="929.138310" />
    <reference name="DHB [6M+Na]+" mass="947.148875" />
    <reference name="DHB [6M+K-H2O]+" mass="945.112247" />
    <reference name="DHB [6M+K]+" mass="963.122812" />
    <reference name="DHB [6M+K+Na-H2O]+" mass="968.101468" />
    <reference name="DHB [7M+H-7H2O]+" mass="953.119584" />
    <reference name="DHB [7M+H-H2O]+" mass="1061.182974" />
    <reference name="DHB [7M+H]+" mass="1079.193539" />
    <reference name="DHB [7M+Na-H2O]+" mass="1083.164919" />
    <reference name="DHB [7M+Na]+" mass="1101.175484" />
    <reference name="DHB [7M+K-H2O]+" mass="1099.138856" />
    <reference name="DHB [7M+K]+" mass="1117.149421" />
    <reference name="DHB [7M+K+Na-H2O]+" mass="1122.128077" />
  </group>

  <group name="HCCA Clusters - MALDI Pos Mo">
    <reference name="HCCA [M+H-H2O]+" mass="172.039304" />
    <reference name="HCCA [M+H]+" mass="190.049869" />
    <reference name="HCCA [M+Na-H2O]+" mass="194.021249" />
    <reference name="HCCA [M+Na]+" mass="212.031814" />
    <reference name="HCCA [M+K-H2O]+" mass="209.995186" />
    <reference name="HCCA [M+K]+" mass="228.005751" />
    <reference name="HCCA [2M+H-H2O]+" mass="361.081897" />
    <reference name="HCCA [2M+H]+" mass="379.092462" />
    <reference name="HCCA [2M+Na-H2O]+" mass="383.063842" />
    <reference name="HCCA [2M+Na]+" mass="401.074407" />
    <reference name="HCCA [2M+K-H2O]+" mass="399.037779" />
    <reference name="HCCA [2M+K]+" mass="417.048344" />
    <reference name="HCCA [2M+K+Na-H2O]+" mass="422.027000" />
    <reference name="HCCA [3M+H-H2O]+" mass="550.124490" />
    <reference name="HCCA [3M+H]+" mass="568.135055" />
    <reference name="HCCA [3M+Na-H2O]+" mass="572.106435" />
    <reference name="HCCA [3M+Na]+" mass="590.117000" />
    <reference name="HCCA [3M+K-H2O]+" mass="588.080372" />
    <reference name="HCCA [3M+K]+" mass="606.090937" />
    <reference name="HCCA [3M+K+Na-H2O]+" mass="611.069593" />
    <reference name="HCCA [4M+H-H2O]+" mass="739.167083" />
    <reference name="HCCA [4M+H]+" mass="757.177648" />
    <reference name="HCCA [4M+Na-H2O]+" mass="761.149028" />
    <reference name="HCCA [4M+Na]+" mass="779.159593" />
    <reference name="HCCA [4M+K-H2O]+" mass="777.122965" />
    <reference name="HCCA [4M+K]+" mass="795.133530" />
    <reference name="HCCA [4M+K+Na-H2O]+" mass="800.112186" />
    <reference name="HCCA [5M+H-H2O]+" mass="928.209676" />
    <reference name="HCCA [5M+H]+" mass="946.220241" />
    <reference name="HCCA [5M+Na-H2O]+" mass="950.191621" />
    <reference name="HCCA [5M+Na]+" mass="968.202186" />
    <reference name="HCCA [5M+K-H2O]+" mass="966.165558" />
    <reference name="HCCA [5M+K]+" mass="984.176123" />
    <reference name="HCCA [5M+K+Na-H2O]+" mass="989.154779" />
    <reference name="HCCA [6M+H-H2O]+" mass="1117.252269" />
    <reference name="HCCA [6M+H]+" mass="1135.262834" />
    <reference name="HCCA [6M+Na-H2O]+" mass="1139.234214" />
    <reference name="HCCA [6M+Na]+" mass="1157.244779" />
    <reference name="HCCA [6M+K-H2O]+" mass="1155.208151" />
    <reference name="HCCA [6M+K]+" mass="1173.218716" />
    <reference name="HCCA [6M+K+Na-H2O]+" mass="1178.197372" />
    <reference name="HCCA [7M+H-H2O]+" mass="1306.294862" />
    <reference name="HCCA [7M+H]+" mass="1324.305427" />
    <reference name="HCCA [7M+Na-H2O]+" mass="1328.276807" />
    <reference name="HCCA [7M+Na]+" mass="1346.287372" />
    <reference name="HCCA [7M+K-H2O]+" mass="1344.250744" />
    <reference name="HCCA [7M+K]+" mass="1362.261309" />
    <reference name="HCCA [7M+K+Na-H2O]+" mass="1367.239965" />
  </group>

  <group name="PEG - MALDI Pos">
    <reference name="C6H15O4 [M+H]+" mass="151.096485" />
    <reference name="C6H14O4 [M+Na]+" mass="173.078430" />
    <reference name="C8H19O5 [M+H]+" mass="195.122700" />
    <reference name="C8H18O5 [M+Na]+" mass="217.104645" />
    <reference name="C10H23O6 [M+H]+" mass="239.148915" />
    <reference name="C10H22O6 [M+Na]+" mass="261.130860" />
    <reference name="C12H27O7 [M+H]+" mass="283.175130" />
    <reference name="C12H26O7 [M+Na]+" mass="305.157074" />
    <reference name="C14H31O8 [M+H]+" mass="327.201344" />
    <reference name="C14H30O8 [M+Na]+" mass="349.183289" />
    <reference name="C16H35O9 [M+H]+" mass="371.227559" />
    <reference name="C16H34O9 [M+Na]+" mass="393.209504" />
    <reference name="C18H39O10 [M+H]+" mass="415.253774" />
    <reference name="C18H38O10 [M+Na]+" mass="437.235719" />
    <reference name="C20H43O11 [M+H]+" mass="459.279989" />
    <reference name="C20H42O11 [M+Na]+" mass="481.261933" />
    <reference name="C22H47O12 [M+H]+" mass="503.306203" />
    <reference name="C22H46O12 [M+Na]+" mass="525.288148" />
    <reference name="C24H51O13 [M+H]+" mass="547.332418" />
    <reference name="C24H50O13 [M+Na]+" mass="569.314363" />
    <reference name="C26H55O14 [M+H]+" mass="591.358633" />
    <reference name="C26H54O14 [M+Na]+" mass="613.340578" />
    <reference name="C28H59O15 [M+H]+" mass="635.384848" />
    <reference name="C28H58O15 [M+Na]+" mass="657.366792" />
    <reference name="C30H62O16 [M+Na]+" mass="701.393007" />
    <reference name="C32H66O17 [M+Na]+" mass="745.419222" />
    <reference name="C34H70O18 [M+Na]+" mass="789.445437" />
    <reference name="C36H74O19 [M+Na]+" mass="833.471651" />
    <reference name="C38H78O20 [M+Na]+" mass="877.497866" />
    <reference name="C40H82O21 [M+Na]+" mass="921.524081" />
    <reference name="C42H86O22 [M+Na]+" mass="965.550296" />
    <reference name="C44H90O23 [M+Na]+" mass="1009.576510" />
    <reference name="C46H94O24 [M+Na]+" mass="1053.602725" />
    <reference name="C48H98O25 [M+Na]+" mass="1097.628940" />
    <reference name="C50H102O26 [M+Na]+" mass="1141.655155" />
    <reference name="C52H106O27 [M+Na]+" mass="1185.681369" />
    <reference name="C54H110O28 [M+Na]+" mass="1229.707584" />
    <reference name="C56H114O29 [M+Na]+" mass="1273.733799" />
    <reference name="C58H118O30 [M+Na]+" mass="1317.760014" />
    <reference name="C60H122O31 [M+Na]+" mass="1361.786228" />
    <reference name="C62H126O32 [M+Na]+" mass="1405.812443" />
    <reference name="C64H130O33 [M+Na]+" mass="1449.838658" />
    <reference name="C66H134O34 [M+Na]+" mass="1493.864873" />
    <reference name="C68H138O35 [M+Na]+" mass="1537.891087" />
    <reference name="C70H142O36 [M+Na]+" mass="1581.917302" />
    <reference name="C72H146O37 [M+Na]+" mass="1625.943517" />
    <reference name="C74H150O38 [M+Na]+" mass="1669.969732" />
    <reference name="C76H154O39 [M+Na]+" mass="1713.995946" />
    <reference name="C78H158O40 [M+Na]+" mass="1758.022161" />
    <reference name="C80H162O41 [M+Na]+" mass="1802.048376" />
    <reference name="C82H166O42 [M+Na]+" mass="1846.074591" />
    <reference name="C84H170O43 [M+Na]+" mass="1890.100805" />
    <reference name="C86H174O44 [M+Na]+" mass="1934.127020" />
    <reference name="C88H178O45 [M+Na]+" mass="1978.153235" />
    <reference name="C90H182O46 [M+Na]+" mass="2022.179450" />
    <reference name="C92H186O47 [M+Na]+" mass="2066.205664" />
    <reference name="C94H190O48 [M+Na]+" mass="2110.231879" />
    <reference name="C96H194O49 [M+Na]+" mass="2154.258094" />
    <reference name="C98H198O50 [M+Na]+" mass="2198.284309" />
    <reference name="C100H2O2O51 [M+Na]+" mass="2242.310523" />
    <reference name="C104H210O53 [M+Na]+" mass="2330.362953" />
    <reference name="C108H218O55 [M+Na]+" mass="2418.415382" />
    <reference name="C112H226O57 [M+Na]+" mass="2506.467812" />
    <reference name="C116H234O59 [M+Na]+" mass="2594.520241" />
    <reference name="C120H242O61 [M+Na]+" mass="2682.572671" />
    <reference name="C124H250O63 [M+Na]+" mass="2770.652100" />
    <reference name="C128H258O65 [M+Na]+" mass="2858.677530" />
    <reference name="C132H266O67 [M+Na]+" mass="2946.729959" />
    <reference name="C136H274O69 [M+Na]+" mass="3034.782389" />
    <reference name="C140H282O71 [M+Na]+" mass="3122.834828" />
  </group>

  <group name="PepMix Bruker - MALDI Neg Mo">
    <reference name="Angiotensin II [M-H]-" mass="1044.527247" />
    <reference name="Angiotensin I [M-H]-" mass="1294.670247" />
    <reference name="Substance P [M-H]-" mass="1345.720847" />
    <reference name="Bombesin [M-H]-" mass="1617.807747" />
    <reference name="ACTH clip (1-17) [M-H]-" mass="2091.071647" />
    <reference name="ACTH clip (18-39) [M-H]-" mass="2463.183747" />
    <reference name="Somatostatin 28 [M-H]-" mass="3145.456447" />
  </group>

  <group name="PepMix Bruker - MALDI Pos Mo">
    <reference name="Bradykinin (1-7) [M+H]+" mass="757.399150" />
    <reference name="Angiotensin II [M+H]+" mass="1046.541792" />
    <reference name="Angiotensin I [M+H]+" mass="1296.684768" />
    <reference name="Substance P [M+H]+" mass="1347.735423" />
    <reference name="Bombesin [M+H]+" mass="1619.822341" />
    <reference name="ACTH clip (1-17) [M+H]+" mass="2093.086160" />
    <reference name="ACTH clip (18-39) [M+H]+" mass="2465.198332" />
    <reference name="Somatostatin 28 [M+H]+" mass="3147.470975" />
  </group>

  <group name="PepMix Bruker PAC - MALDI Pos Mo">
    <reference name="Bradykinin (1-7) [M+H]+" mass="757.399160" />
    <reference name="Angiotensin III [M+H]+" mass="931.514849" />
    <reference name="Angiotensin II [M+H]+" mass="1046.541792" />
    <reference name="Angiotensin I [M+H]+" mass="1296.684768" />
    <reference name="Substance P [M+H]+" mass="1347.735423" />
    <reference name="Bombesin [M+H]+" mass="1619.822341" />
    <reference name="Neurotensin [M+H]+" mass="1672.917000" />
    <reference name="Renin Substrate [M+H]+" mass="1758.932610" />
    <reference name="ACTH clip (1-17) [M+H]+" mass="2093.086160" />
    <reference name="ACTH clip (18-39) [M+H]+" mass="2465.198332" />
    <reference name="ACTH clip (1-24) [M+H]+" mass="2932.587870" />
    <reference name="Somatostatin 28 [M+H]+" mass="3147.470975" />
    <reference name="ACTH clip (7-38) [M+H]+" mass="3657.928900" />
  </group>

  <group name="ProtMix I Bruker - MALDI Neg Av">
    <reference name="Insulin [M-H]-" mass="5733.000000" />
    <reference name="Cytochrome C [M-2H]2-" mass="6179.000000" />
    <reference name="Myoglobin [M-2H]2-" mass="8475.000000" />
    <reference name="Ubiquitin I [M-H]-" mass="8564.000000" />
    <reference name="Cytochrom C [M-H]-" mass="12359.000000" />
    <reference name="Myoglobin [M-H]-" mass="16951.000000" />
  </group>

  <group name="ProtMix I Bruker - MALDI Pos Av">
    <reference name="Insulin [M+H]+" mass="5735.000000" />
    <reference name="Cytochrome C [M+2H]2+" mass="6181.000000" />
    <reference name="Myoglobin [M+2H]2+" mass="8477.000000" />
    <reference name="Ubiquitin I [M+H]+" mass="8566.000000" />
    <reference name="Cytochrom C [M+H]+" mass="12361.000000" />
    <reference name="Myoglobin [M+H]+" mass="16953.000000" />
  </group>

  <group name="ProtMix II Bruker - MALDI Neg Av">
    <reference name="Trypsinogen [M+H]+" mass="23980.000000" />
    <reference name="Protein A [M+2H]2+" mass="22304.000000" />
    <reference name="Albumin Bovine [M+2H]2+" mass="33214.000000" />
    <reference name="Protein A [M+H]+" mass="44611.000000" />
    <reference name="Albumin Bovine [M+H]+" mass="66429.000000" />
  </group>

  <group name="ProtMix II Bruker - MALDI Pos Av">
    <reference name="Trypsinogen [M+H]+" mass="23982.000000" />
    <reference name="Protein A [M+2H]2+" mass="22306.000000" />
    <reference name="Albumin Bovine [M+2H]2+" mass="33216.000000" />
    <reference name="Protein A [M+H]+" mass="44613.000000" />
    <reference name="Albumin Bovine [M+H]+" mass="66431.000000" />
  </group>

  <group name="Trypsin Promega (Porcine) - MALDI Pos Mo">
    <reference name="Trypsin (108-115) [M+H]+" mass="842.509400" />
    <reference name="Trypsin (209-216) [M+H]+" mass="906.504400" />
    <reference name="Trypsin (1-8) [M+H]+" mass="952.389400" />
    <reference name="Trypsin (148-157) [M+H]+" mass="1006.487400" />
    <reference name="Trypsin (98-107) [M+H]+" mass="1045.563700" />
    <reference name="Trypsin (134-147) [M+H]+" mass="1469.730500" />
    <reference name="Trypsin (58-72) [M+H]+" mass="1713.808400" />
    <reference name="Trypsin (217-231) [M+H]+" mass="1736.842500" />
    <reference name="Trypsin (116-133) [M+H]+" mass="1768.799300" />
    <reference name="Trypsin (62-77) [M+H]+" mass="1774.897500" />
    <reference name="Trypsin (58-76) [M+H]+" mass="2083.009600" />
    <reference name="Trypsin (158-178) [M+H]+" mass="2158.030700" />
    <reference name="Trypsin (58-77) [M+H]+" mass="2211.104000" />
    <reference name="Trypsin (78-97) [M+H]+" mass="2283.180200" />
    <reference name="Trypsin (179-208) [M+H]+" mass="3013.323700" />
  </group>

  <group name="Trypsin Roche (Bovine) - MALDI Pos Mo">
    <reference name="Trypsin (112-119) [M+H]+" mass="805.416300" />
    <reference name="Trypsin (160-169) [M+H]+" mass="1020.503000" />
    <reference name="Trypsin (229-237) [M+H]+" mass="1111.560500" />
    <reference name="Trypsin (207-220) [M+H]+" mass="1433.720600" />
    <reference name="Trypsin (70-89) [M+H]+" mass="2163.056400" />
    <reference name="Trypsin (90-109) [M+H]+" mass="2273.159500" />
  </group>

  <group name="Trypsin Roche (Porcine) - MALDI Pos Mo">
    <reference name="Trypsin (108-115) [M+H]+" mass="842.509400" />
    <reference name="Trypsin (134-147) [M+H]+" mass="1469.730500" />
    <reference name="Trypsin (58-74) [M+H]+" mass="1940.935400" />
    <reference name="Trypsin (116-133) [M+H]+" mass="1768.799300" />
    <reference name="Trypsin (98-107) [M+H]+" mass="1045.563700" />
    <reference name="Trypsin (58-77) [M+H]+" mass="2211.104000" />
    <reference name="Trypsin (148-157) [M+H]+" mass="1006.487400" />
  </group>

</mMassReferenceMasses>